City_ID,City,Country,Lat,Lng,Max Temp,Humidity,Cloudiness,Wind Speed,Current Description
0,Ribeira Grande,PT,38.5167,-28.7,62.6,88,40,13.8,scattered clouds
1,Castro,BR,-24.7911,-50.0119,70.29,91,46,7.31,scattered clouds
2,Bac Lieu,VN,9.285,105.7244,72.81,86,13,10.87,few clouds
3,Avarua,CK,-21.2078,-159.775,84.2,74,41,10.36,scattered clouds
4,Tabas,IR,33.5959,56.9244,37.4,17,0,4.61,clear sky
5,Port Elizabeth,ZA,-33.918,25.5701,71.6,73,40,24.16,scattered clouds
6,Santa Cruz De La Palma,ES,28.6835,-17.7642,64.4,52,75,8.05,broken clouds
7,Tuatapere,NZ,-46.1333,167.6833,62.53,60,12,3.76,few clouds
8,Punta Arenas,CL,-53.15,-70.9167,55.4,76,0,17.27,clear sky
9,Qaanaaq,GL,77.484,-69.3632,9.32,92,98,1.3,overcast clouds
10,Dunda,TZ,-8.1167,34.25,65.23,90,99,2.15,overcast clouds
11,Praia Da Vitoria,PT,38.7333,-27.0667,60.8,94,40,16.37,light rain
12,Pella,RU,59.7775,30.8181,8.6,85,75,4.47,snow
13,Tuktoyaktuk,CA,69.4541,-133.0374,-16.6,76,75,12.66,broken clouds
14,Vaini,TO,-21.2,-175.2,84.2,79,40,9.22,scattered clouds
15,Ushuaia,AR,-54.8,-68.3,62.6,51,20,6.91,few clouds
16,Cape Town,ZA,-33.9258,18.4232,66.99,88,75,12.66,broken clouds
17,Kaitangata,NZ,-46.2817,169.8464,64.99,76,44,1.99,scattered clouds
18,Cidreira,BR,-30.1811,-50.2056,77.13,82,14,20.15,few clouds
19,Boa Vista,BR,2.8197,-60.6733,86.0,54,75,11.5,broken clouds
20,Portland,US,45.5234,-122.6762,50.0,87,90,0.22,overcast clouds
21,Barrow,US,71.2906,-156.7887,-9.4,77,1,18.41,clear sky
22,Nyurba,RU,63.2842,118.3319,-31.2,83,100,6.55,overcast clouds
23,Busselton,AU,-33.65,115.3333,59.0,79,0,4.0,clear sky
24,Norrtalje,SE,59.758,18.705,28.99,89,86,8.01,overcast clouds
25,Burnie,AU,-41.0667,145.9167,53.01,77,91,14.0,overcast clouds
26,Guerrero Negro,MX,27.9769,-114.0611,80.53,16,0,6.2,clear sky
27,Khandyga,RU,62.6667,135.6,-48.24,76,58,0.98,broken clouds
28,Bethel,US,41.3712,-73.414,39.99,81,90,8.05,overcast clouds
29,Mount Isa,AU,-20.7333,139.5,84.2,23,17,13.8,few clouds
30,Port Alfred,ZA,-33.5906,26.891,69.01,89,48,1.01,scattered clouds
31,Iqaluit,CA,63.7506,-68.5145,12.2,79,90,18.41,snow
32,Biel,CH,47.1324,7.2441,27.0,100,20,5.75,few clouds
33,Airai,TL,-8.9266,125.4092,62.46,100,100,0.92,overcast clouds
34,Longyearbyen,SJ,78.2186,15.6401,21.2,86,75,5.75,broken clouds
35,North Bend,US,43.4065,-124.2243,60.01,88,40,1.07,scattered clouds
36,Sao Felix Do Xingu,BR,-6.6447,-51.995,78.31,94,100,0.94,light rain
37,Kavieng,PG,-2.5744,150.7967,77.4,90,100,21.12,moderate rain
38,Vila Velha,BR,-20.3297,-40.2925,80.6,74,40,11.5,scattered clouds
39,Sao Joao Da Barra,BR,-21.6403,-41.0511,80.6,69,0,18.41,clear sky
40,Jamestown,US,42.097,-79.2353,42.01,65,90,17.27,light rain
41,Ilulissat,GL,69.2167,-51.1,12.2,67,20,12.66,few clouds
42,Hilo,US,19.7297,-155.09,82.4,57,20,6.69,few clouds
43,Ponta Do Sol,PT,32.6667,-17.1,53.01,61,3,4.0,clear sky
44,Torbay,CA,47.6666,-52.7314,32.0,93,90,21.85,moderate rain
45,Kapaa,US,22.0752,-159.319,79.0,78,1,6.91,clear sky
46,Hoi An,VN,15.8794,108.335,60.8,100,75,1.14,broken clouds
47,Bluff,NZ,-46.6,168.3333,58.21,87,98,1.77,overcast clouds
48,Chuy,UY,-33.6971,-53.4616,78.1,72,80,14.76,broken clouds
49,Upernavik,GL,72.7868,-56.1549,14.99,95,100,4.0,overcast clouds
50,Nabire,ID,-3.3667,135.4833,76.19,86,100,3.85,overcast clouds
51,Bredasdorp,ZA,-34.5322,20.0403,68.0,60,0,12.66,clear sky
52,Svebolle,DK,55.6518,11.2866,30.0,82,82,8.01,broken clouds
53,Mataura,NZ,-46.1927,168.8643,65.3,64,22,2.3,few clouds
54,Sitka,US,57.0531,-135.33,44.6,81,75,11.5,light rain
55,Mar Del Plata,AR,-38.0023,-57.5575,77.0,65,75,13.8,broken clouds
56,Mana,GF,5.6592,-53.7767,78.08,86,72,11.74,broken clouds
57,Hermanus,ZA,-34.4187,19.2345,63.0,83,0,12.55,clear sky
58,Geraldton,AU,-28.7667,114.6,82.4,39,0,21.85,clear sky
59,Altay,CN,47.8667,88.1167,-3.1,55,0,2.86,clear sky
60,Grajau,BR,-5.8194,-46.1386,77.32,90,98,2.3,heavy intensity rain
61,Paamiut,GL,61.994,-49.6678,28.08,95,100,17.16,light snow
62,Hobart,AU,-42.8794,147.3294,57.2,58,75,12.66,light rain
63,Atuona,PF,-9.8,-139.0333,77.23,78,1,12.93,clear sky
64,Dikson,RU,73.5069,80.5464,-31.97,80,67,4.52,broken clouds
65,Puerto Ayora,EC,-0.7393,-90.3518,82.4,65,40,3.44,scattered clouds
66,Los Llanos De Aridane,ES,28.6585,-17.9182,64.4,52,75,8.05,broken clouds
67,Khatanga,RU,71.9667,102.5,-47.63,76,36,2.39,scattered clouds
68,Ambovombe,MG,-25.1667,46.0833,76.06,92,46,5.35,scattered clouds
69,Griffith,US,41.5284,-87.4237,34.0,100,90,2.62,light snow
70,Bambous Virieux,MU,-20.3428,57.7575,81.0,94,75,8.05,broken clouds
71,Naze,JP,28.3667,129.4833,59.94,72,1,7.43,clear sky
72,New Norfolk,AU,-42.7826,147.0587,57.99,71,70,3.0,broken clouds
73,Rikitea,PF,-23.1203,-134.9692,78.66,67,29,7.02,scattered clouds
74,Hofn,IS,64.2539,-15.2082,38.64,93,100,20.27,moderate rain
75,Albany,US,42.6001,-73.9662,39.0,73,100,9.19,overcast clouds
76,Norman Wells,CA,65.282,-126.8329,5.0,85,90,3.44,light snow
77,Junagarh,IN,19.8667,82.9333,57.45,51,0,0.67,clear sky
78,Esperance,AU,-33.8667,121.9,55.4,71,90,6.91,overcast clouds
79,Yarmouth,US,41.7057,-70.2286,43.0,56,1,5.75,clear sky
80,Eenhana,NA,-17.4667,16.3333,78.8,36,5,2.15,clear sky
81,Tiksi,RU,71.6872,128.8694,-6.34,91,100,6.15,overcast clouds
82,San Carlos De Bariloche,AR,-41.1456,-71.3082,62.01,50,75,20.71,light rain
83,Kodiak,US,57.79,-152.4072,32.0,86,1,3.44,clear sky
84,Severo-Kurilsk,RU,50.6789,156.125,26.74,92,100,10.96,overcast clouds
85,Cehegin,ES,38.0924,-1.7985,39.0,62,72,4.0,broken clouds
86,Meulaboh,ID,4.1363,96.1285,77.09,81,98,6.26,overcast clouds
87,Cayenne,GF,4.9333,-52.3333,80.6,89,75,8.05,broken clouds
88,Yumen,CN,40.2833,97.2,8.47,76,74,9.24,broken clouds
89,Thompson,CA,55.7435,-97.8558,5.0,78,75,4.61,broken clouds
90,Kidal,ML,18.4411,1.4078,70.25,20,57,13.04,broken clouds
91,Sao Filipe,CV,14.8961,-24.4956,73.35,65,89,16.33,overcast clouds
92,Huarmey,PE,-10.0681,-78.1522,74.37,72,78,8.08,broken clouds
93,Mahebourg,MU,-20.4081,57.7,78.8,94,75,8.05,broken clouds
94,Arraial Do Cabo,BR,-22.9661,-42.0278,82.4,78,0,18.41,clear sky
95,Luoyang,CN,34.6836,112.4536,37.0,99,73,6.71,broken clouds
96,Belaya Gora,RU,68.5333,146.4167,-18.81,88,100,6.62,overcast clouds
97,Bar,UA,49.0772,27.6826,14.16,95,86,7.0,overcast clouds
98,Pacifica,US,37.6138,-122.4869,66.2,67,75,4.61,broken clouds
99,Terney,RU,45.0503,136.6092,15.01,91,100,9.82,overcast clouds
100,Baraki Barak,AF,33.9675,68.9486,33.37,63,0,2.62,clear sky
101,Kalakamati,BW,-20.5929,27.3121,69.78,89,100,6.33,moderate rain
102,Saskylakh,RU,71.9167,114.0833,-23.24,85,100,12.39,overcast clouds
103,Kungurtug,RU,50.5994,97.5228,-19.17,80,44,1.57,scattered clouds
104,Butaritari,KI,3.0707,172.7902,81.12,79,79,23.22,light rain
105,Kontagora,NG,10.3999,5.4695,75.02,18,0,4.79,clear sky
106,Saint-Philippe,RE,-21.3585,55.7679,78.8,89,75,4.61,broken clouds
107,Lorengau,PG,-2.0226,147.2712,82.72,78,84,8.05,broken clouds
108,Termiz,UZ,37.2242,67.2783,39.2,70,0,4.61,clear sky
109,Teluknaga,ID,-6.0989,106.6381,77.0,83,40,4.61,mist
110,Chokurdakh,RU,70.6333,147.9167,-5.33,91,100,10.16,overcast clouds
111,Lebu,CL,-37.6167,-73.65,60.53,67,0,16.42,clear sky
112,Dingle,PH,10.9995,122.6711,74.3,93,23,6.67,heavy intensity rain
113,Georgetown,MY,5.4112,100.3354,78.01,88,20,5.75,few clouds
114,Kokoda,PG,-8.8785,147.7407,76.5,68,100,1.16,overcast clouds
115,Muros,ES,42.7762,-9.0603,41.0,93,23,1.99,few clouds
116,Bahia Blanca,AR,-38.7196,-62.2724,91.8,13,0,15.48,clear sky
117,Katherine,AU,-14.4667,132.2667,77.0,94,100,3.44,overcast clouds
118,Goderich,CA,43.7501,-81.7165,37.4,81,100,16.11,overcast clouds
119,Hervey Bay,AU,-25.2986,152.8535,79.0,77,25,1.01,scattered clouds
120,Yar-Sale,RU,66.8333,70.8333,-3.78,92,100,7.49,overcast clouds
121,Huangcun,CN,30.0145,118.4037,37.51,81,100,6.33,overcast clouds
122,Pevek,RU,69.7008,170.3133,-8.55,87,100,1.21,overcast clouds
123,Bongandanga,CD,1.5,21.05,77.99,59,25,3.22,scattered clouds
124,Rawson,AR,-43.3002,-65.1023,64.9,68,56,21.99,light rain
125,Nikolskoye,RU,59.7035,30.7861,8.6,85,75,4.47,snow
126,Margate,GB,51.3813,1.3862,36.0,81,87,2.64,overcast clouds
127,Tasiilaq,GL,65.6145,-37.6368,32.0,93,90,16.11,snow
128,Harper,LR,4.375,-7.7169,78.1,84,45,6.62,light rain
129,Najran,SA,17.4924,44.1277,59.0,36,0,1.01,clear sky
130,Saint Anthony,US,45.0205,-93.218,36.0,87,90,11.5,light snow
131,Gigmoto,PH,13.7796,124.39,78.15,86,100,14.7,light rain
132,Port Hardy,CA,50.6996,-127.4199,48.2,87,75,8.05,light rain
133,Leningradskiy,RU,69.3833,178.4167,-9.89,89,100,7.94,overcast clouds
134,Havre-Saint-Pierre,CA,50.2334,-63.5986,26.6,86,90,3.44,overcast clouds
135,Uchiza,PE,-8.4592,-76.4633,74.03,85,99,1.61,light rain
136,Banda Aceh,ID,5.5577,95.3222,78.66,77,74,1.5,broken clouds
137,Sechura,PE,-5.5569,-80.8222,70.41,85,100,4.74,light rain
138,Katsuura,JP,35.1333,140.3,54.0,100,75,5.75,mist
139,Cherskiy,RU,68.75,161.3,-25.8,86,94,2.91,overcast clouds
140,Boende,CD,-0.2167,20.8667,74.86,75,54,3.2,broken clouds
141,Yerbogachen,RU,61.2767,108.0108,-38.16,81,100,5.84,overcast clouds
142,Sept-Iles,CA,50.2001,-66.3821,33.8,74,0,4.61,clear sky
143,Bengkulu,ID,-3.8004,102.2655,75.94,82,90,3.74,light rain
144,Menongue,AO,-14.6585,17.691,62.35,77,63,1.14,broken clouds
145,Chicama,PE,-7.8447,-79.1469,74.14,69,88,6.42,overcast clouds
146,Olafsvik,IS,64.8945,-23.7142,36.72,82,100,18.28,overcast clouds
147,Arki,IN,31.15,76.9667,47.03,53,0,4.52,clear sky
148,Turukhansk,RU,65.8167,87.9833,-29.47,80,19,8.75,few clouds
149,Padang,ID,-0.9492,100.3543,75.9,68,82,4.41,moderate rain
150,Carnarvon,AU,-24.8667,113.6333,78.8,100,0,8.05,clear sky
151,Pontes E Lacerda,BR,-15.2261,-59.3353,81.39,81,100,3.83,moderate rain
152,Caraquet,CA,47.7941,-64.9386,32.0,74,19,3.44,few clouds
153,Nikolsk,RU,53.7189,46.0712,14.92,96,100,8.43,snow
154,Dawson Creek,CA,55.7666,-120.2362,44.6,42,1,26.46,clear sky
155,Moctezuma,MX,29.8,-109.6667,78.85,17,0,5.3,clear sky
156,Saint George,US,37.1041,-113.5841,62.01,18,1,0.83,clear sky
157,Galle,LK,6.0367,80.217,76.32,82,71,2.77,broken clouds
158,Provideniya,RU,64.3833,-173.3,12.67,93,100,7.4,overcast clouds
159,Miri,MY,4.4148,114.0089,73.4,100,40,8.05,light rain
160,Amapa,BR,1.0,-52.0,77.43,92,97,3.67,overcast clouds
161,Mudgee,AU,-32.5943,149.5871,57.99,44,0,12.66,clear sky
162,Porto Belo,BR,-27.1578,-48.5531,80.6,78,40,10.36,scattered clouds
163,Jiuquan,CN,39.7432,98.5174,9.81,78,100,2.39,overcast clouds
164,Lexington,US,37.9887,-84.4777,42.01,56,75,10.36,broken clouds
165,Shimoda,JP,34.6667,138.95,46.0,79,28,1.01,scattered clouds
166,Cape Coast,GH,5.1053,-1.2466,79.57,84,22,9.46,few clouds
167,Moron,AR,-34.6534,-58.6198,75.2,69,0,10.36,light rain
168,Arman,RU,59.7,150.1667,-18.27,75,25,5.79,scattered clouds
169,Sambava,MG,-14.2667,50.1667,79.57,84,94,6.58,light rain
170,Caravelas,BR,-17.7125,-39.2481,78.55,76,72,7.0,light rain
171,Husavik,IS,66.0449,-17.3389,35.6,80,90,6.91,moderate rain
172,Christchurch,NZ,-43.5333,172.6333,64.99,82,90,14.97,overcast clouds
173,Samarai,PG,-10.6167,150.6667,83.59,74,94,14.9,moderate rain
174,Vestmannaeyjar,IS,63.4427,-20.2734,44.42,87,100,23.96,light rain
175,Gamba,GA,-2.65,10.0,77.68,85,100,5.48,light rain
176,Kosh-Agach,RU,50.0,88.6667,-22.31,78,22,0.67,few clouds
177,Maceio,BR,-9.6658,-35.7353,78.8,78,75,12.66,broken clouds
178,Hithadhoo,MV,-0.6,73.0833,81.28,78,96,15.3,overcast clouds
179,Andenes,NO,69.3143,16.1194,37.4,81,75,14.97,broken clouds
180,Tiruvidaimarudur,IN,10.996,79.4521,72.57,95,52,6.58,moderate rain
181,Taoudenni,ML,22.6783,-3.9836,58.48,26,100,9.93,overcast clouds
182,Gawler,AU,-34.6,138.7333,60.01,53,60,5.01,broken clouds
183,Lagoa,PT,39.05,-27.9833,60.75,84,0,20.36,clear sky
184,Orodara,BF,10.9492,-4.9342,82.4,11,34,4.61,scattered clouds
185,Akdepe,TM,42.0551,59.3788,44.6,70,0,6.91,clear sky
186,Norfolk,US,42.1668,-71.2495,42.01,60,20,8.05,few clouds
187,Henties Bay,NA,-22.116,14.2845,71.01,80,51,2.42,broken clouds
188,Qaqortoq,GL,60.7167,-46.0333,23.0,50,75,10.36,snow
189,Lompoc,US,34.6391,-120.4579,86.0,17,17,8.95,few clouds
190,Santa Cruz Cabralia,BR,-16.2781,-39.0247,77.0,83,40,2.3,light rain
191,Fort Nelson,CA,58.8053,-122.7002,17.6,86,75,2.01,broken clouds
192,Nakkila,FI,61.3667,22.0,12.2,85,90,2.3,light snow
193,Estelle,US,29.8458,-90.1067,61.0,29,1,9.22,clear sky
194,Bagdarin,RU,54.4333,113.6,-15.29,74,88,6.08,overcast clouds
195,Berbera,SO,10.4396,45.0143,74.44,76,0,6.29,clear sky
196,Catuday,PH,16.2923,119.8062,76.08,83,6,7.05,light rain
197,Bubaque,GW,11.2833,-15.8333,78.6,73,4,11.9,clear sky
198,Quesnel,CA,52.9999,-122.5029,41.0,56,1,9.22,clear sky
199,Ola,RU,59.5833,151.2833,-18.9,76,8,6.89,clear sky
200,Shelburne,CA,44.0787,-80.2041,37.99,88,99,15.23,overcast clouds
201,Bridlington,GB,54.0831,-0.1919,30.0,88,83,5.01,broken clouds
202,Pacific Grove,US,36.6177,-121.9166,70.0,52,1,3.44,clear sky
203,Miranda De Ebro,ES,42.6865,-2.947,42.01,87,40,6.91,scattered clouds
204,Xichang,CN,27.8964,102.2634,50.0,58,96,0.72,overcast clouds
205,Maniitsoq,GL,65.4167,-52.9,18.41,86,88,8.03,overcast clouds
206,Sovetskiy,RU,61.3614,63.5842,-6.9,92,82,3.31,broken clouds
207,East London,ZA,-33.0153,27.9116,72.45,76,100,9.95,overcast clouds
208,Pisco,PE,-13.7,-76.2167,75.2,73,75,20.71,broken clouds
209,El Alto,PE,-4.2714,-81.2147,78.8,65,0,13.8,clear sky
210,Avera,US,33.194,-82.5271,57.2,82,75,8.05,broken clouds
211,Zhezkazgan,KZ,47.8043,67.7144,6.42,90,94,12.21,overcast clouds
212,Jalu,LY,29.0331,21.5482,53.42,53,0,7.49,clear sky
213,Clyde River,CA,70.4692,-68.5914,-2.2,84,90,2.59,overcast clouds
214,Puerto Colombia,CO,10.9878,-74.9547,82.4,74,75,12.66,broken clouds
215,Amuntai,ID,-2.4177,115.2494,71.83,98,100,1.5,overcast clouds
216,Granadilla De Abona,ES,28.1188,-16.576,64.0,59,20,10.36,few clouds
217,Saposoa,PE,-6.934,-76.7716,93.2,49,40,9.22,light rain
218,San Cristobal,VE,7.7669,-72.225,86.0,58,20,11.5,few clouds
219,Lasa,IT,46.6166,10.7002,26.6,79,0,8.05,clear sky
220,Solnechnyy,RU,50.7214,136.6319,-13.36,86,7,2.91,clear sky
221,Nouadhibou,MR,20.931,-17.0347,66.2,52,0,16.11,clear sky
222,Myanaung,MM,18.2833,95.3167,59.14,81,0,2.1,clear sky
223,Touros,BR,-5.1989,-35.4608,80.6,69,40,11.5,scattered clouds
224,Morlaix,FR,48.5833,-4.0,43.0,87,0,6.91,clear sky
225,Saeby,DK,57.3319,10.5225,23.0,86,0,1.14,clear sky
226,Ouahigouya,BF,13.5828,-2.4216,75.47,17,36,10.54,scattered clouds
227,Kalmunai,LK,7.4167,81.8167,74.95,87,98,5.26,overcast clouds
228,Sheltozero,RU,61.3667,35.3667,-3.14,93,100,6.69,overcast clouds
229,Palasa,IN,18.7667,84.4167,68.36,87,1,3.96,clear sky
230,Nova Olinda Do Norte,BR,-3.8881,-59.0942,81.12,88,100,2.08,overcast clouds
231,Carutapera,BR,-1.195,-46.02,80.74,73,32,8.57,scattered clouds
232,Tandlianwala,PK,31.0333,73.1333,50.47,44,0,2.46,clear sky
233,Gallup,US,35.5281,-108.7426,55.4,13,1,9.22,clear sky
234,Vredendal,ZA,-31.6683,18.5012,62.47,87,0,4.45,clear sky
235,Surt,LY,31.2089,16.5887,59.16,68,15,17.45,few clouds
236,Flin Flon,CA,54.7682,-101.865,5.0,78,90,3.44,overcast clouds
237,Maragheh,IR,37.3917,46.2398,31.95,93,29,3.13,scattered clouds
238,Kedainiai,LT,55.2883,23.9747,1.4,85,2,5.75,clear sky
239,Salalah,OM,17.0151,54.0924,69.8,60,0,2.3,clear sky
240,Nioro,GM,13.35,-15.75,80.82,14,55,6.91,broken clouds
241,Haikou,CN,20.0458,110.3417,62.6,100,90,4.47,fog
242,Karachi,PK,24.9056,67.0822,57.2,47,0,4.81,smoke
243,Kaman,IN,27.65,77.2667,49.12,50,0,2.86,clear sky
244,Atar,MR,20.5169,-13.0499,64.78,24,100,14.2,overcast clouds
245,Roebourne,AU,-20.7833,117.1333,87.21,74,81,15.23,broken clouds
246,Vila Franca Do Campo,PT,37.7167,-25.4333,61.0,88,40,17.27,scattered clouds
247,Khartoum,SD,15.5518,32.5324,71.6,18,0,11.5,clear sky
248,Lensk,RU,60.7253,114.9278,-37.23,78,99,3.78,overcast clouds
249,Axim,GH,4.8699,-2.2405,79.7,81,0,9.46,clear sky
250,Paredon,MX,16.0333,-93.8667,87.58,46,78,14.63,broken clouds
251,Clemencia,CO,10.5665,-75.325,86.0,74,40,13.8,scattered clouds
252,Porto Walter,BR,-8.2686,-72.7439,82.47,91,53,3.02,moderate rain
253,Sola,VU,-13.8833,167.55,83.43,77,99,12.64,overcast clouds
254,Csengele,HU,46.5423,19.8636,27.0,72,91,4.9,overcast clouds
255,Itoman,JP,26.1247,127.6694,62.6,88,20,5.75,few clouds
256,Fairmont,US,39.4851,-80.1426,37.99,92,100,1.01,overcast clouds
257,Buraydah,SA,26.326,43.975,55.4,71,0,6.91,clear sky
258,Teluk Intan,MY,4.0259,101.0213,77.0,94,20,2.46,few clouds
259,Humaita,BR,-7.5061,-63.0208,80.82,77,100,1.3,overcast clouds
260,Nikel,RU,69.4128,30.222,32.0,86,75,3.44,broken clouds
261,Waingapu,ID,-9.6567,120.2641,79.57,78,100,5.91,light rain
262,Tanabe,JP,33.7333,135.3667,54.68,73,65,6.76,broken clouds
263,Bad Kissingen,DE,50.2,10.0833,30.0,75,4,1.01,clear sky
264,Yulara,AU,-25.2406,130.9889,66.2,55,90,13.8,light rain
265,Boyolangu,ID,-8.1181,111.8935,75.96,83,100,1.63,overcast clouds
266,Brokopondo,SR,4.75,-55.1667,78.73,88,63,8.66,moderate rain
267,Pyryatyn,UA,50.2445,32.5107,12.92,90,82,9.82,broken clouds
268,Flinders,AU,-34.5833,150.8552,63.0,47,0,4.0,clear sky
269,Windhoek,NA,-22.5594,17.0832,63.0,88,100,3.44,moderate rain
270,Cururupu,BR,-1.8283,-44.8683,80.28,73,50,4.65,scattered clouds
271,Souillac,MU,-20.5167,57.5167,78.8,94,75,8.05,broken clouds
272,Kirensk,RU,57.7853,108.1119,-21.93,83,100,3.02,overcast clouds
273,Kutum,SD,14.2,24.6667,55.99,36,0,8.05,clear sky
274,Nicoya,CR,10.1483,-85.452,87.8,51,75,14.97,broken clouds
275,Eregli,TR,37.5133,34.0467,38.79,88,100,4.56,overcast clouds
276,Narsaq,GL,60.9167,-46.05,23.0,50,75,10.36,light snow
277,Saint-Pierre,RE,-21.3393,55.4781,78.8,89,75,4.61,broken clouds
278,Yangambi,CD,0.8102,24.4336,71.4,93,63,3.02,light rain
279,Bouna,CI,9.2667,-3.0,75.51,17,22,1.28,few clouds
280,Biak,ID,-0.9131,122.8766,77.05,80,100,3.89,light rain
281,Kenai,US,60.5544,-151.2583,33.01,74,75,8.05,broken clouds
282,Chunhuhub,MX,19.55,-88.6833,81.86,57,99,3.4,overcast clouds
283,Dunedin,NZ,-45.8742,170.5036,64.0,86,99,8.01,overcast clouds
284,Farafangana,MG,-22.8167,47.8333,79.12,87,66,6.78,broken clouds
285,Andrelandia,BR,-21.7397,-44.3092,71.29,88,21,4.7,heavy intensity rain
286,Natchez,US,31.5604,-91.4032,53.6,30,1,18.41,clear sky
287,Ayan,RU,56.45,138.1667,-15.05,78,1,5.14,clear sky
288,Kahului,US,20.8947,-156.47,84.2,54,20,8.05,few clouds
289,Meghraj,IN,23.5,73.5,66.54,37,0,8.41,clear sky
290,Tunduma,TZ,-9.3,32.7667,58.8,100,100,1.9,light rain
291,Santa Cruz Del Sur,CU,20.7147,-77.9956,80.46,73,14,12.57,few clouds
292,Yellowknife,CA,62.456,-114.3525,10.4,92,90,16.11,snow
293,Banjar,ID,-8.19,114.9675,78.8,89,40,8.05,scattered clouds
294,Victoria,HK,22.2855,114.1577,62.01,69,4,7.02,clear sky
295,Jabinyanah,TN,35.035,10.9081,53.6,58,0,3.44,clear sky
296,Grand Gaube,MU,-20.0064,57.6608,81.0,83,1,8.01,clear sky
297,Macomb,US,40.4592,-90.6718,34.0,93,90,4.61,light snow
298,Kedougou,SN,12.5579,-12.1743,77.34,16,40,3.49,scattered clouds
299,Vitim,RU,59.4511,112.5578,-27.04,82,100,5.5,overcast clouds
300,Ostrovnoy,RU,68.0531,39.5131,20.97,95,100,3.44,overcast clouds
301,Nanortalik,GL,60.1432,-45.2371,27.61,98,99,2.1,light snow
302,Koumac,NC,-20.5667,164.2833,82.35,79,100,3.0,overcast clouds
303,Caxito,AO,-8.5785,13.6643,78.8,78,0,6.91,clear sky
304,Namibe,AO,-15.1961,12.1522,74.55,67,0,8.32,clear sky
305,Nome,US,64.5011,-165.4064,24.8,58,1,18.41,clear sky
306,College,US,64.8569,-147.8028,17.6,67,90,6.91,overcast clouds
307,Constitucion,CL,-35.3333,-72.4167,65.28,51,0,24.14,clear sky
308,Port Macquarie,AU,-31.4333,152.9167,68.0,72,0,1.99,clear sky
309,Champerico,GT,14.3,-91.9167,89.6,58,40,11.5,scattered clouds
310,Varhaug,NO,58.6147,5.6457,19.4,79,0,4.61,clear sky
311,Kokopo,PG,-4.352,152.2633,78.85,77,100,2.77,overcast clouds
312,Pauini,BR,-7.7136,-66.9764,81.86,87,100,0.47,very heavy rain
313,Manakara,MG,-22.1333,48.0167,77.79,91,57,5.01,broken clouds
314,Dulce Nombre De Culmi,HN,15.1,-85.5333,86.0,51,75,3.6,broken clouds
315,Elizabeth City,US,36.2946,-76.2511,59.0,62,1,8.05,clear sky
316,Hudson Bay,CA,52.85,-102.3842,16.14,95,96,4.14,overcast clouds
317,Tilichiki,RU,60.4667,166.1,-27.06,84,0,6.67,clear sky
318,Roald,NO,62.5833,6.1333,26.6,74,0,8.05,clear sky
319,Codrington,AU,-38.2667,141.9667,54.3,73,66,14.65,moderate rain
320,Algiers,DZ,36.7525,3.042,48.2,93,20,2.3,few clouds
321,Castle Rock,US,39.3722,-104.8561,39.99,23,0,1.99,clear sky
322,Komsomolskiy,UZ,40.4272,71.7189,33.8,69,0,4.61,mist
323,Zhigansk,RU,66.7697,123.3711,-39.87,79,91,4.34,overcast clouds
324,Tupik,RU,54.4253,119.9327,-21.46,84,100,1.48,overcast clouds
325,Saldanha,ZA,-33.0117,17.9442,66.2,82,0,2.3,clear sky
326,Shingu,JP,33.7333,135.9833,49.6,76,33,4.18,scattered clouds
327,Gat,IL,31.61,34.7642,54.0,100,0,1.01,clear sky
328,Kifri,IQ,34.6959,44.9661,53.04,59,0,5.06,clear sky
329,Straumen,NO,63.8709,11.2999,33.01,86,75,5.75,broken clouds
330,Alice Springs,AU,-23.7,133.8833,71.6,28,26,12.66,scattered clouds
331,Golpayegan,IR,33.4537,50.2884,36.07,78,0,3.36,clear sky
332,Russell,US,32.3502,-85.1999,59.0,23,1,12.66,clear sky
333,Marawi,PH,7.9986,124.2928,75.0,92,79,4.0,broken clouds
334,Torbat-E Jam,IR,35.244,60.6225,43.9,48,26,1.59,scattered clouds
335,Valparaiso,CL,-33.0393,-71.6273,75.2,49,0,28.77,clear sky
336,Astana,KZ,51.1801,71.446,3.2,66,0,6.71,clear sky
337,Maumere,ID,-8.6199,122.2111,81.37,77,100,4.7,light rain
338,Termini Imerese,IT,37.9837,13.6956,54.0,89,100,7.0,overcast clouds
339,Waipawa,NZ,-41.4122,175.5153,66.2,82,90,11.5,overcast clouds
340,Taft,IR,31.7471,54.2088,44.6,31,0,6.91,clear sky
341,Kananga,CD,-5.8958,22.4178,64.6,93,100,1.61,overcast clouds
342,Muroto,JP,33.2833,134.15,58.71,62,34,10.36,scattered clouds
343,Mawlaik,MM,23.6333,94.4167,66.78,62,98,1.39,overcast clouds
344,Pula,HR,44.8683,13.8481,35.6,51,0,9.22,clear sky
345,Isangel,VU,-19.55,169.2667,80.6,89,75,9.1,broken clouds
346,Vardo,NO,70.3705,31.1107,32.0,93,75,9.22,light snow
347,Bardsir,IR,29.9227,56.5743,46.4,17,0,4.61,clear sky
348,North Platte,US,41.1239,-100.7654,35.6,44,1,27.63,clear sky
349,Nizhnyaya Omka,RU,55.4338,74.9426,1.44,92,100,16.13,light snow
350,Zhaotong,CN,27.3167,103.7167,38.41,86,100,6.85,overcast clouds
351,Hirara,JP,24.8,125.2833,68.36,76,12,23.35,few clouds
352,Pochutla,MX,15.7432,-96.4661,82.99,65,75,8.05,broken clouds
353,Zarichne,UA,51.8126,26.129,4.01,93,85,6.73,overcast clouds
354,Ixtepec,MX,16.5786,-95.1022,82.71,52,99,16.31,overcast clouds
355,Okhotsk,RU,59.3833,143.3,-18.74,77,92,9.55,overcast clouds
356,Porto Nacional,BR,-10.7081,-48.4172,84.2,70,40,5.75,scattered clouds
357,Kloulklubed,PW,7.0419,134.2556,80.6,78,90,10.36,overcast clouds
358,Kaa-Khem,RU,51.6833,94.7333,-13.04,83,100,1.99,overcast clouds
359,Zabid,YE,14.1951,43.3152,73.17,63,0,4.7,clear sky
360,Oranjemund,NA,-28.55,16.4333,64.18,80,0,4.43,clear sky
361,Jinchang,CN,38.4953,102.1739,13.01,84,97,5.66,overcast clouds
362,Aykhal,RU,66.0,111.5,-43.2,77,100,8.48,overcast clouds
363,Luderitz,NA,-26.6481,15.1594,65.71,78,73,11.56,broken clouds
364,Chapais,CA,49.7834,-74.8492,26.6,86,90,9.22,overcast clouds
365,Ak-Dovurak,RU,51.1833,90.6,-14.64,78,88,0.87,overcast clouds
366,Abonnema,NG,4.7084,6.7931,75.2,88,40,3.44,scattered clouds
367,Ust-Ishim,RU,57.6935,71.1665,8.69,91,100,8.7,overcast clouds
368,Jaciara,BR,-15.9653,-54.9683,83.23,71,100,3.62,light rain
369,Skelmersdale,GB,53.5502,-2.7735,34.0,94,100,3.0,overcast clouds
370,Batemans Bay,AU,-35.7167,150.1833,62.01,50,0,1.99,clear sky
371,Sheboygan,US,43.7333,-87.9334,35.6,87,90,4.61,overcast clouds
372,Miravci,MK,41.3078,22.435,33.01,39,61,1.99,broken clouds
373,Kerchevskiy,RU,59.946,56.2884,0.39,94,78,1.79,broken clouds
374,Sharan,RU,54.8167,54.0,15.49,95,100,12.64,overcast clouds
375,Novoagansk,RU,61.9449,76.6625,4.08,94,100,12.06,snow
376,Clearwater,US,27.9659,-82.8001,68.0,77,67,11.5,light rain
377,Coripata,BO,-16.3,-67.6,42.8,93,75,8.05,moderate rain
378,Cockburn Town,TC,21.4612,-71.1419,80.6,69,40,8.05,scattered clouds
379,Strelka,RU,58.0728,93.0344,-6.29,89,100,6.55,overcast clouds
380,Evensk,RU,61.95,159.2333,-22.16,80,94,4.05,overcast clouds
381,Laguna,US,38.421,-121.4238,64.0,72,1,3.71,haze
382,Yangcun,CN,39.3639,117.0603,18.0,86,0,2.24,clear sky
383,Kruisfontein,ZA,-34.0033,24.7314,71.01,71,52,1.99,light rain
384,Hachinohe,JP,40.5,141.5,39.2,87,75,24.16,moderate rain
385,Pabna,BD,24.0,89.25,57.25,45,3,4.27,clear sky
386,Moose Factory,CA,51.2585,-80.6094,32.0,86,90,6.91,overcast clouds
387,Fortuna,US,40.5982,-124.1573,60.01,82,20,3.51,few clouds
388,Cocal,BR,-28.6167,-49.35,78.26,78,61,5.86,moderate rain
389,Salta,AR,-24.7859,-65.4117,78.8,65,75,4.61,light rain
390,Dudinka,RU,69.4058,86.1778,-40.36,79,10,5.39,clear sky
391,Abha,SA,18.2164,42.5053,55.4,82,0,4.61,clear sky
392,Jimani,DO,18.4917,-71.8502,84.2,61,20,9.22,few clouds
393,Huntington,US,38.4193,-82.4452,46.99,49,40,8.05,scattered clouds
394,Oriximina,BR,-1.7656,-55.8661,88.21,54,100,4.9,overcast clouds
395,Mapiripan,CO,2.8892,-72.1256,87.96,54,9,8.37,clear sky
396,Cedar Lake,US,41.3648,-87.4411,34.0,100,90,2.46,light snow
397,Poum,NC,-20.2333,164.0167,81.84,79,100,4.21,light rain
398,Atambua,ID,-9.1061,124.8925,74.79,88,96,1.77,light rain
399,Port Hedland,AU,-20.3167,118.5667,87.8,79,33,3.44,scattered clouds
400,Sukhumi,GE,43.0033,41.0153,41.31,81,100,0.6,light rain
401,Aguia Branca,BR,-18.9831,-40.7403,76.53,82,6,8.72,clear sky
402,San Patricio,US,28.017,-97.5169,66.2,15,20,12.66,few clouds
403,Manzil Salim,TN,35.8567,8.4765,41.0,81,75,8.05,broken clouds
404,Rovaniemi,FI,66.5,25.7167,24.8,93,75,9.22,light snow
405,Krasnaya Gora,RU,52.9995,31.6023,1.4,85,0,6.71,clear sky
406,De Aar,ZA,-30.6497,24.0123,71.1,67,42,15.52,scattered clouds
407,Makakilo City,US,21.3469,-158.0858,82.4,57,20,6.91,few clouds
408,Northam,GB,51.0333,-4.2167,43.0,87,100,10.0,overcast clouds
409,Mount Pleasant,US,32.7941,-79.8626,57.0,100,90,15.77,mist
410,Puntarenas,CR,9.9763,-84.8384,82.4,39,75,12.66,broken clouds
411,Capinzal,BR,-27.3436,-51.6119,80.28,77,21,2.24,few clouds
412,George,ZA,-33.963,22.4617,66.2,82,90,4.61,light rain
413,Vung Tau,VN,10.346,107.0843,73.08,84,0,13.87,clear sky
414,Kindu,CD,-2.95,25.95,67.14,94,99,1.83,overcast clouds
415,Mount Gambier,AU,-37.8333,140.7667,53.6,66,90,8.05,overcast clouds
416,Rio Gallegos,AR,-51.6226,-69.2181,62.6,45,40,23.02,scattered clouds
417,Uvalde,US,29.3669,-99.767,62.01,14,1,8.05,clear sky
418,Kushima,JP,31.4583,131.2333,51.71,77,8,3.69,clear sky
419,Baker City,US,44.7749,-117.8344,37.4,65,90,2.15,overcast clouds
420,Berlevag,NO,70.8578,29.0864,35.6,87,75,13.8,light rain
421,Druzhba,UA,52.0428,33.9453,8.49,94,99,10.74,overcast clouds
422,Kununurra,AU,-15.7667,128.7333,78.8,94,49,4.61,scattered clouds
423,Novyy Urengoy,RU,66.0833,76.6333,-2.6,92,100,10.65,light snow
424,Maltahohe,NA,-24.8333,16.9833,68.68,63,33,11.9,scattered clouds
425,Nanning,CN,22.8167,108.3167,48.2,93,100,2.24,mist
426,Ust-Tsilma,RU,65.441,52.1498,-2.25,92,100,2.26,light snow
427,Blackwater,AU,-23.5833,148.8833,73.69,75,0,2.19,clear sky
428,Toamasina,MG,-18.1667,49.3833,78.8,83,40,5.75,light rain
429,Idenao,CM,4.2475,9.0047,78.8,83,20,5.75,light rain
430,Fairbanks,US,64.8378,-147.7164,17.6,73,90,4.61,overcast clouds
431,Kodinsk,RU,58.6881,99.1844,-12.6,87,95,6.31,overcast clouds
432,Kirkwall,GB,58.9848,-2.9587,39.2,87,40,26.46,scattered clouds
433,Emerald,AU,-23.5333,148.1667,73.99,83,0,2.51,clear sky
434,Cao Bang,VN,22.6667,106.25,53.8,88,100,0.81,overcast clouds
435,Ilebo,CD,-4.3167,20.5833,70.7,83,88,1.79,overcast clouds
436,Luanda,AO,-8.8368,13.2343,78.8,78,0,6.91,clear sky
437,Mocuba,MZ,-16.8392,36.9856,76.62,95,71,3.51,light rain
438,Inta,RU,66.0317,60.1659,-8.55,85,100,3.44,overcast clouds
439,Kintampo,GH,8.0563,-1.7306,77.76,17,0,0.98,clear sky
440,Nago,JP,26.5881,127.9761,62.6,87,1,5.75,clear sky
441,Bom Jesus,BR,-9.0744,-44.3586,78.76,80,92,3.6,moderate rain
442,Yerofey Pavlovich,RU,53.9667,121.9667,-19.16,87,100,0.11,overcast clouds
443,Fallon,US,39.4735,-118.7774,57.2,30,75,9.22,broken clouds
444,Jibuti,DJ,11.5,42.5,73.4,78,1,12.66,haze
445,Wasilla,US,61.5814,-149.4394,30.0,86,90,5.75,light snow
446,Aguas Belas,BR,-9.1114,-37.1231,83.28,44,87,17.76,light rain
447,Sayyan,YE,15.1718,44.3244,45.32,54,0,2.37,clear sky
448,Russkaya Polyana,UA,49.417,31.9201,14.45,92,94,12.82,overcast clouds
449,Schenefeld,DE,53.6028,9.8233,30.2,74,90,6.91,overcast clouds
450,Luwuk,ID,-0.9516,122.7875,78.76,72,95,3.6,light rain
451,Palmer,US,42.1584,-72.3287,41.0,65,90,9.22,overcast clouds
452,Port Lincoln,AU,-34.7333,135.8667,57.58,64,99,12.12,overcast clouds
453,Spokane,US,47.6166,-117.3677,37.99,75,75,2.42,broken clouds
454,Sassandra,CI,4.95,-6.0833,77.58,87,7,6.73,clear sky
455,Piracanjuba,BR,-17.3028,-49.0167,77.65,84,92,2.08,light rain
456,Rocha,UY,-34.4833,-54.3333,81.37,58,99,16.89,overcast clouds
457,Kamenka,RU,51.3223,42.7678,17.01,92,100,10.63,snow
458,Caronport,CA,50.4501,-105.8179,23.0,80,90,10.36,overcast clouds
459,Quetta,PK,30.199,67.0097,41.43,46,1,1.81,clear sky
460,Lyuban,BY,52.7985,28.0048,-7.11,91,32,7.38,scattered clouds
461,Swan Hill,AU,-35.3378,143.5544,56.68,65,0,13.51,clear sky
462,Kalmar,SE,56.6616,16.3616,19.99,86,13,10.36,few clouds
463,Gusinoye Ozero,RU,51.1144,106.2614,-2.2,87,100,4.41,light snow
464,Tignere,CM,7.3667,12.65,65.52,27,98,1.83,overcast clouds
465,Arlit,NE,18.7369,7.3853,75.04,18,20,7.2,few clouds
466,Stornoway,GB,58.2093,-6.3865,42.8,81,75,32.21,heavy intensity rain
467,Malumfashi,NG,11.7853,7.6218,67.53,23,0,9.64,clear sky
468,Vao,NC,-22.6667,167.4833,77.97,90,100,14.34,overcast clouds
469,Nowy Targ,PL,49.4778,20.0323,19.99,79,90,16.11,light snow
470,Pundaguitan,PH,6.3711,126.1689,82.2,76,77,8.41,light rain
471,Mayo,US,38.8876,-76.5119,50.0,66,1,8.05,clear sky
472,Vallenar,CL,-28.5708,-70.7581,79.34,36,0,9.86,clear sky
473,Petawawa,CA,45.9001,-77.3328,36.0,69,20,9.22,few clouds
474,Cedar City,US,37.6775,-113.0619,51.8,24,1,3.44,clear sky
475,Belmonte,BR,-15.8631,-38.8828,77.0,88,75,4.61,broken clouds
476,Strezhevoy,RU,60.7333,77.5889,5.0,85,90,13.42,snow
477,Faanui,PF,-16.4833,-151.75,81.14,75,6,11.72,clear sky
478,Tadine,NC,-21.55,167.8833,80.47,88,100,14.05,overcast clouds
479,Sabang,ID,5.8933,95.3214,80.56,75,79,2.8,broken clouds
480,Vaitape,PF,-16.5167,-151.75,81.16,75,7,11.81,clear sky
481,Semirom,IR,31.4167,51.5667,30.94,84,6,4.43,clear sky
482,Dali,CN,25.7,100.1833,39.88,76,99,2.95,overcast clouds
483,Kanepi,EE,57.982,26.7627,6.01,85,90,3.44,light snow
484,Tura,IN,25.5198,90.2201,55.15,59,0,1.79,clear sky
485,Mapimi,MX,25.8167,-103.85,69.8,11,1,3.44,clear sky
486,Borogontsy,RU,62.6683,131.1683,-46.5,77,88,4.23,overcast clouds
487,Maragogi,BR,-9.0122,-35.2225,77.83,77,92,9.22,overcast clouds
488,Qixia,CN,37.2975,120.8256,21.0,71,22,7.87,few clouds
489,Buwenge,UG,0.6422,33.1744,70.27,75,85,1.43,light rain
490,Inhambane,MZ,-23.865,35.3833,80.65,85,2,9.55,clear sky
491,Klaksvik,FO,62.2266,-6.589,42.8,87,75,19.57,broken clouds
492,Severo-Yeniseyskiy,RU,60.3725,93.0408,-12.37,90,100,4.52,overcast clouds
493,Japura,ID,-0.3167,102.35,72.75,97,100,1.03,overcast clouds
494,Buin,CL,-33.7333,-70.75,88.0,21,0,8.05,clear sky
495,Alice Town,BS,25.7167,-79.3,70.39,85,100,4.43,overcast clouds
496,Quang Ngai,VN,15.1167,108.8,65.39,82,82,3.98,broken clouds
497,Vilyuysk,RU,63.7553,121.6247,-39.32,81,100,5.99,overcast clouds
498,Sohagpur,IN,22.7,78.2,55.89,35,0,5.14,clear sky
499,Tecoanapa,MX,16.5167,-98.75,82.38,66,95,9.26,overcast clouds
500,San Rafael,AR,-34.6177,-68.3301,84.33,28,0,6.38,clear sky
501,Tessalit,ML,20.1986,1.0114,62.08,24,93,10.98,overcast clouds
502,Ibimirim,BR,-8.5406,-37.6903,86.94,25,99,7.96,overcast clouds
503,Marfino,RU,55.7028,37.3822,8.6,78,0,6.71,clear sky
504,Beitbridge,ZW,-22.2167,30.0,79.23,69,20,9.01,few clouds
505,Kampene,CD,-3.6,26.6667,64.9,97,99,1.72,overcast clouds
506,Gilbues,BR,-9.8317,-45.3439,79.39,76,87,4.63,light rain
507,Oussouye,SN,12.485,-16.5469,77.0,65,0,6.91,clear sky
508,Maler Kotla,IN,30.5167,75.8833,45.63,64,0,4.03,clear sky
509,Hay River,CA,60.8156,-115.7999,19.4,86,75,5.75,light snow
510,Karratha,AU,-20.7377,116.8463,86.95,76,41,16.42,scattered clouds
511,Ambikapur,IN,23.1167,83.2,47.14,50,0,2.62,clear sky
512,Wilmington Island,US,32.0036,-80.9737,55.99,88,90,3.44,mist
513,Quelimane,MZ,-17.8786,36.8883,77.0,94,75,2.3,light rain
514,Jawhar,SO,2.7809,45.5005,73.54,84,0,12.12,clear sky
515,Madukkarai,IN,10.9,76.9667,71.6,94,75,6.38,mist
516,Dzaoudzi,YT,-12.7887,45.2699,78.8,83,0,2.3,clear sky
517,Cairo,EG,30.0626,31.2497,60.8,48,0,6.91,clear sky
518,Vostok,RU,46.4856,135.8833,-3.3,93,100,2.48,overcast clouds
519,Hambantota,LK,6.1241,81.1185,75.96,85,100,8.86,overcast clouds
520,Guatire,VE,10.4762,-66.5427,84.2,74,40,1.14,scattered clouds
521,Butte,US,39.6499,-121.5677,62.01,63,1,6.91,haze
522,Iberia,US,29.9502,-91.7507,59.0,26,1,19.57,clear sky
523,Darhan,MN,49.4867,105.9228,-7.85,84,98,6.62,overcast clouds
524,West Wendover,US,40.7391,-114.0733,37.4,48,1,4.61,clear sky
525,Srednekolymsk,RU,67.45,153.6833,-30.86,82,61,4.12,broken clouds
526,Ankara,TR,39.9199,32.8543,27.0,93,0,1.14,clear sky
527,Puerto Madryn,AR,-42.7692,-65.0385,69.6,51,60,17.09,broken clouds
528,Launceston,AU,-41.45,147.1667,51.01,100,75,5.75,broken clouds
529,Kieta,PG,-6.2167,155.6333,82.72,70,98,4.68,overcast clouds
530,Kapoeta,SS,4.7717,33.5903,85.44,28,50,8.23,scattered clouds
531,Augusto Correa,BR,-1.0217,-46.635,79.75,74,5,6.2,clear sky
532,Andahuaylas,PE,-13.6556,-73.3872,62.83,63,87,7.96,light rain
533,Ouadda,CF,8.0777,22.4007,69.58,24,0,5.28,clear sky
534,Veraval,IN,20.9,70.3667,67.84,41,0,12.1,clear sky
535,Honiara,SB,-9.4333,159.95,82.04,72,100,4.27,light rain
536,Pokrovsk,UA,48.282,37.1758,23.9,98,99,14.07,light snow
537,Ishigaki,JP,24.3448,124.1572,68.5,70,45,21.45,scattered clouds
538,Bud,US,39.447,-86.1758,37.99,68,99,11.97,overcast clouds
539,Vilhena,BR,-12.7406,-60.1458,84.2,61,40,10.36,scattered clouds
540,Kochi,IN,9.9399,76.2602,75.2,88,40,4.61,haze
541,Aklavik,CA,68.2191,-135.0107,-11.2,77,100,13.8,overcast clouds
542,Bardiyah,LY,31.7561,25.0865,59.02,68,9,18.66,clear sky
543,Beringovskiy,RU,63.05,179.3167,-12.46,89,35,9.86,scattered clouds
544,Ajaccio,FR,42.0,8.9167,50.0,87,90,3.44,overcast clouds
545,Nyagan,RU,62.1406,65.3936,-2.65,92,98,3.33,overcast clouds
546,Vikulovo,RU,56.8167,70.6107,7.72,91,100,11.9,overcast clouds
547,Cabo San Lucas,MX,22.8909,-109.9124,80.01,53,1,11.5,clear sky
548,Isabela,PH,6.7085,121.9711,77.74,84,74,2.71,broken clouds
549,Khudumelapye,BW,-23.8833,24.75,77.85,54,93,5.66,overcast clouds
550,Mandalgovi,MN,45.7625,106.2708,-10.1,82,0,10.98,clear sky
551,Rumonge,BI,-3.9736,29.4386,68.49,81,100,2.73,light rain
552,Yima,CN,34.7381,111.8839,37.0,99,84,3.13,broken clouds
553,Petropavlovsk-Kamchatskiy,RU,53.0452,158.6483,-0.4,71,100,6.71,overcast clouds
554,Terdal,IN,16.5,75.05,71.15,43,1,3.2,clear sky
555,Coquimbo,CL,-29.9533,-71.3436,64.4,68,0,13.8,clear sky
556,Leshukonskoye,RU,64.8989,45.7622,-17.37,88,65,2.62,broken clouds
557,Ginir,ET,7.1333,40.7,58.41,47,8,4.92,clear sky
558,Zelenoborsk,RU,61.4669,64.0333,-6.05,92,90,3.51,overcast clouds
559,Okha,RU,53.5739,142.9478,-18.15,86,0,7.74,clear sky
560,Limoges,FR,45.75,1.3333,32.0,80,90,11.5,overcast clouds
561,Riyadh,SA,24.6877,46.7219,60.8,48,2,8.05,haze
562,Nantucket,US,41.2835,-70.0995,41.0,65,1,8.05,clear sky
563,Magadi,IN,12.9667,77.2333,62.6,100,40,3.44,mist
564,Saint-Joseph,RE,-21.3667,55.6167,78.8,89,75,4.61,broken clouds
565,Meadow Lake,US,34.8014,-106.5436,55.0,12,20,14.97,few clouds
566,Carros,FR,43.7894,7.184,48.2,87,75,4.61,broken clouds
567,Carauari,BR,-4.8828,-66.8958,84.34,77,51,1.03,light rain
568,Namatanai,PG,-3.6667,152.4333,81.0,74,100,1.05,light rain
569,Shalakusha,RU,62.2247,40.2539,-18.6,88,13,1.3,few clouds
570,Shiyan,CN,32.6475,110.7781,38.34,69,98,1.45,overcast clouds
571,Swellendam,ZA,-34.0226,20.4417,68.0,60,0,12.66,clear sky
572,Sivaki,RU,52.6333,126.75,-29.02,85,1,0.85,clear sky
573,Bitung,ID,1.4451,125.1824,78.8,94,40,5.75,heavy intensity rain
574,Saint-Augustin,CA,51.226,-58.6502,25.02,92,0,5.12,clear sky
575,Marzuq,YE,14.4,46.4667,57.58,55,0,2.37,clear sky
576,Mareeba,AU,-17.0,145.4333,78.8,65,77,14.97,broken clouds
577,Hailey,US,43.5196,-114.3153,35.01,64,1,10.36,clear sky
578,Basco,PH,20.4487,121.9702,72.93,77,34,24.09,scattered clouds
579,Skibbereen,IE,51.55,-9.2667,48.2,100,75,19.57,moderate rain
580,Acapulco,MX,16.8634,-99.8901,82.4,78,90,5.75,overcast clouds
581,Pocatello,US,42.8713,-112.4455,37.4,44,1,8.05,clear sky
582,Raul Soares,BR,-20.1022,-42.4519,76.64,83,25,4.7,light rain
583,Owando,CG,-0.4819,15.8999,75.22,67,53,1.72,broken clouds
584,Santa Cruz,BO,-17.8,-63.1667,82.4,83,75,12.66,light rain
585,Mackay,AU,-21.15,149.2,75.0,94,90,5.75,overcast clouds
586,Ambilobe,MG,-13.2,49.05,75.18,93,83,2.46,broken clouds
587,Alofi,NU,-19.0595,-169.9187,84.2,79,75,9.22,broken clouds
588,Kavaratti,IN,10.5669,72.642,81.27,74,94,3.47,light rain
589,Mahanoro,MG,-19.9,48.8,78.35,88,91,4.05,overcast clouds
590,Kandalaksha,RU,67.162,32.4123,14.0,96,100,0.6,overcast clouds
591,Frontera,MX,26.9333,-101.45,62.01,20,0,7.0,clear sky
592,Masvingo,ZW,-20.0637,30.8277,68.86,88,100,4.85,overcast clouds
593,Havoysund,NO,70.9963,24.6622,37.4,81,75,20.71,broken clouds
594,Gohana,IN,29.1333,76.7,48.96,51,0,4.38,clear sky
595,Maamba,ZM,-17.3667,27.15,71.55,92,100,2.44,moderate rain
596,Teacapan,MX,22.55,-105.75,76.95,36,0,8.3,clear sky
597,Nizhniy Odes,RU,63.6445,54.856,5.88,95,100,1.48,light snow
598,Egvekinot,RU,66.3167,-179.1667,-6.83,93,100,15.59,light snow
599,Chipinge,ZW,-20.1883,32.6236,66.99,88,66,2.89,broken clouds
600,Dafeng,CN,23.4517,108.5881,58.24,44,100,2.33,overcast clouds
601,Sakakah,SA,29.9697,40.2064,48.2,57,0,3.44,clear sky
602,Taltal,CL,-25.4,-70.4833,67.84,58,19,5.91,few clouds
603,Savannah Bight,HN,16.45,-85.85,82.0,78,75,3.44,broken clouds
604,Prieska,ZA,-29.6641,22.7474,73.49,68,27,9.89,scattered clouds
605,La Rioja,ES,42.25,-2.5,44.6,70,20,16.11,few clouds
606,Hearst,CA,49.6835,-83.6665,30.2,74,100,1.14,overcast clouds
607,Lagos,NG,6.5833,3.75,82.4,83,20,3.44,few clouds
608,Bartica,GY,6.4,-58.6167,77.0,94,75,4.61,broken clouds
609,Pangody,RU,65.85,74.4859,0.32,93,100,9.98,light snow
610,Ketchikan,US,55.3422,-131.6461,44.6,87,90,11.5,light rain
611,Srandakan,ID,-7.9386,110.2506,76.59,78,100,3.76,light rain
612,Barcelos,PT,41.5388,-8.6151,46.99,100,20,4.32,few clouds
613,Pedasi,PA,7.5333,-80.0333,81.81,71,63,7.38,broken clouds
614,Cabedelo,BR,-6.9811,-34.8339,80.6,78,40,10.36,scattered clouds
615,Plymouth,US,41.8334,-70.8328,43.0,70,1,5.75,clear sky
616,Fare,PF,-16.7,-151.0167,81.28,73,58,11.59,broken clouds
617,Bouar,CF,5.934,15.596,66.61,26,0,2.86,clear sky
618,Watsa,CD,3.0372,29.5355,66.72,58,1,2.15,clear sky
619,Topeka,US,39.0483,-95.678,32.0,80,90,19.57,light snow
620,Haukipudas,FI,65.1765,25.3523,12.2,85,90,1.14,light snow
621,Bundaberg,AU,-24.85,152.35,77.0,78,13,4.61,few clouds
622,Phangnga,TH,8.4509,98.5298,77.0,78,20,9.22,few clouds
623,Sawakin,SD,19.1059,37.3321,74.28,77,70,10.6,broken clouds
624,Andros,GR,37.8333,24.9333,48.99,60,68,1.99,broken clouds
625,Lebedyan,RU,53.0194,39.1664,8.74,94,100,5.39,light snow
626,Itarema,BR,-2.9248,-39.9167,80.4,77,8,14.92,clear sky
627,Tefe,BR,-3.3542,-64.7114,84.2,79,40,4.61,scattered clouds
628,Tual,ID,-5.6667,132.75,84.27,76,96,10.76,moderate rain
629,Montepuez,MZ,-13.1256,38.9997,71.37,95,88,2.44,overcast clouds
630,Jijiga,ET,9.35,42.8,62.82,47,12,7.78,few clouds
631,Tanggulangin,ID,-7.4996,112.6999,78.8,94,20,5.75,haze
632,Matagami,CA,49.7502,-77.6328,30.2,80,90,17.27,overcast clouds
633,Alassio,IT,44.0039,8.1671,46.99,53,20,18.41,few clouds
634,Comodoro Rivadavia,AR,-45.8667,-67.5,64.4,68,40,6.91,scattered clouds
635,La Ronge,CA,55.1001,-105.2842,17.6,86,100,5.75,overcast clouds
636,Villaviciosa,ES,43.4813,-5.4357,44.01,89,0,5.1,clear sky
637,Newcastle,AU,-32.9272,151.7765,68.0,32,0,13.8,clear sky
638,Malaryta,BY,51.7905,24.074,7.05,94,88,6.91,overcast clouds
639,Yamada,JP,39.4667,141.95,42.35,83,18,12.24,few clouds
640,Vryburg,ZA,-26.9566,24.7284,69.69,76,100,9.22,overcast clouds
641,Fougamou,GA,-1.2154,10.5838,74.52,91,76,1.88,broken clouds
642,Novaya Ladoga,RU,60.1025,32.3019,0.0,34,100,6.6,light snow
643,Krasnoarmeysk,RU,51.0239,45.6969,19.99,87,100,1.01,snow
644,Batagay-Alyta,RU,67.8006,130.4114,-24.21,85,100,1.19,overcast clouds
645,Zhangye,CN,38.9342,100.4517,13.15,88,100,2.93,overcast clouds
646,Bilibino,RU,68.0546,166.4372,-17.21,85,100,0.96,overcast clouds
647,Jennings,US,38.7192,-90.2604,34.0,86,90,9.22,snow
648,Beloha,MG,-25.1667,45.05,76.62,90,32,8.12,scattered clouds
649,Nosy Varika,MG,-20.5833,48.5333,78.35,88,93,4.59,overcast clouds
650,Dukat,RU,62.55,155.55,-35.82,81,99,2.93,overcast clouds
651,Ahuimanu,US,21.4447,-157.8378,82.4,73,20,5.75,few clouds
652,Ankang,CN,32.68,109.0172,40.86,62,98,4.25,overcast clouds
653,Coihaique,CL,-45.5752,-72.0662,59.0,77,90,4.61,light rain
654,Uvira,CD,-3.4067,29.1458,71.82,70,99,1.48,light rain
655,Sorland,NO,67.667,12.6934,33.8,93,75,4.61,broken clouds
656,Lufilufi,WS,-13.8745,-171.5986,87.8,74,40,11.5,light rain
657,Bumba,CD,2.1833,22.4667,76.42,56,37,3.29,scattered clouds
658,Santarem,BR,-2.4431,-54.7083,86.0,66,0,11.5,clear sky
659,Trairi,BR,-3.2778,-39.2689,80.11,78,33,11.48,scattered clouds
660,Santa Maria,BR,-29.6842,-53.8069,89.6,55,20,12.66,few clouds
661,Lavrentiya,RU,65.5833,-171.0,4.39,91,100,7.56,overcast clouds
662,Taverny,FR,49.0254,2.2169,32.0,86,0,2.3,clear sky
663,Sur,OM,22.5667,59.5289,66.09,63,0,4.47,clear sky
664,Robertsport,LR,6.7533,-11.3686,80.65,81,27,11.03,scattered clouds
665,Wawa,NG,9.9022,4.4192,79.25,17,0,3.87,clear sky
666,Hasaki,JP,35.7333,140.8333,39.2,100,75,3.44,mist
667,San Carlos,VE,9.6612,-68.5827,88.88,43,100,2.3,overcast clouds
668,Murray Bridge,AU,-35.1167,139.2667,57.0,73,100,12.68,overcast clouds
669,Perivolion,GR,39.4206,20.0147,51.01,81,40,7.63,scattered clouds
670,Sorong,ID,-0.8833,131.25,80.74,78,100,3.49,light rain
671,Hebi,CN,35.8992,114.1925,27.46,87,65,4.05,broken clouds
672,Kyra,RU,49.5776,111.9753,-4.61,80,60,10.16,broken clouds
673,Walvis Bay,NA,-22.9575,14.5053,71.01,73,42,5.75,scattered clouds
674,Genhe,CN,50.7833,121.5167,-24.5,84,92,2.95,overcast clouds
675,Broome,US,42.2506,-75.833,37.0,86,90,16.11,overcast clouds
676,Gold Coast,AU,-28.0,153.4333,78.01,83,46,10.36,scattered clouds
677,Verkhoyansk,RU,67.5447,133.385,-33.2,81,100,1.48,overcast clouds
678,Albury,AU,-36.0833,146.9167,54.0,71,0,10.36,clear sky
679,Yining,CN,29.0361,114.5636,43.57,72,22,4.36,few clouds
680,Cacoal,BR,-11.4386,-61.4472,78.35,90,93,4.32,light rain
681,Mogadishu,SO,2.0371,45.3438,76.95,84,0,18.52,clear sky
682,Nigran,ES,42.1415,-8.8066,50.0,93,4,8.05,clear sky
683,Coria,ES,39.9879,-6.5377,35.35,87,15,3.56,few clouds
684,Appingedam,NL,53.3217,6.8583,35.01,89,100,1.01,overcast clouds
685,La Seyne-Sur-Mer,FR,43.0982,5.8847,44.01,59,54,4.0,broken clouds
686,Rayong,TH,12.8333,101.4333,70.0,91,0,2.93,clear sky
687,Damietta,EG,31.4165,31.8133,59.0,77,0,3.44,clear sky
688,Porto Novo,BJ,6.4965,2.6036,82.4,83,20,12.66,few clouds
689,Adrar,MR,20.5022,-10.0711,62.17,26,100,10.92,overcast clouds
690,Gualaceo,EC,-2.9,-78.7833,62.6,72,75,14.97,light rain
691,Salani,IN,29.957,79.7127,46.9,45,0,3.53,clear sky
692,Rendsburg,DE,54.3,9.6667,30.0,69,75,6.91,broken clouds
693,Ponta Delgada,PT,37.7333,-25.6667,61.0,88,40,17.27,scattered clouds
694,Kristiansund,NO,63.1115,7.732,23.0,74,0,3.44,clear sky
695,Uray,RU,60.1247,64.7758,3.36,94,100,4.7,overcast clouds
696,Kamaishi,JP,39.2667,141.8833,44.8,79,38,16.49,scattered clouds
697,Shirgaon,IN,19.7,72.7,72.73,58,84,7.2,broken clouds
